,train,val,test
0,1.0,0.8636363636363636,0.6293859649122807
